{
    "best_val_acc": 0.5058930992740994,
    "best_val_epoch": 0,
    "best_val_loss": 1.0396546541106237,
    "train_acc": [
        0.4463523551594603
    ],
    "train_loss": [
        1.1280867024132741
    ],
    "val_acc": [
        0.5058930992740994
    ],
    "val_loss": [
        1.0396546541106237
    ]
}